Framlög til sveitarfélaga 2006-2014  ,,
,,
Ár,Sveitarfélag,Framlög á íbúa Alls
2006,Reykjavíkurborg,9164
2006,Kópavogsbær,9095
2006,Seltjarnarneskaupstaður,11722
2006,Garðabær,7192
2006,Hafnarfjarðarkaupstaður,16886
2006,Sveitarfélagið Álftanes,62251
2006,Mosfellsbær,38747
2006,Kjósarhreppur,94467
2006,Reykjanesbær,60857
2006,Grindavíkurbær,86111
2006,Sandgerðisbær,77970
2006,Sveitarfélagið Garður,123842
2006,Sveitarfélagið Vogar,130083
2006,Akraneskaupstaður,43977
2006,Hvalfjarðarstrandarhreppur,110602
2006,Skilmannahreppur,67941
2006,Innri-Akraneshreppur,80110
2006,Leirár- og Melahreppur,158530
2006,Skorradalshreppur,19134
2006,Borgarfjarðarsveit,188729
2006,Hvalfjarðarsveit,.
2006,Hvítársíðuhreppur,333407
2006,Borgarbyggð,120512
2006,Kolbeinsstaðahreppur,329097
2006,Grundarfjarðarbær,140269
2006,Helgafellssveit,64012
2006,Stykkishólmsbær,135330
2006,Eyja- og Miklaholtshreppur,102459
2006,Snæfellsbær,141764
2006,Saurbæjarhreppur,241661
2006,Dalabyggð,236106
2006,Bolungarvíkurkaupstaður,146529
2006,Ísafjarðarbær,107462
2006,Reykhólahreppur,285489
2006,Tálknafjarðarhreppur,241088
2006,Vesturbyggð,232440
2006,Súðavíkurhreppur,245715
2006,Árneshreppur,233361
2006,Kaldrananeshreppur,235857
2006,Bæjarhreppur,307903
2006,Broddaneshreppur,225382
2006,Hólmavíkurhreppur,215889
2006,Strandabyggð,.
2006,Siglufjarðarkaupstaður,160164
2006,Sveitarfélagið Skagafjörður,124552
2006,Húnaþing vestra,211121
2006,Áshreppur,287068
2006,Blönduóssbær,179464
2006,Sveitarfélagið Skagaströnd,155350
2006,Skagabyggð,273793
2006,Húnavatnshreppur,254347
2006,Akrahreppur,149351
2006,Akureyrarkaupstaður,54625
2006,Húsavíkurbær (Norðurþing),126104
2006,Fjallabyggð,.
2006,Ólafsfjarðarbær,134661
2006,Dalvíkurbyggð,158015
2006,Grímseyjarhreppur,140608
2006,Arnarneshreppur,132029
2006,Eyjafjarðarsveit,179192
2006,Hörgárbyggð,222617
2006,Hörgársveit,.
2006,Svalbarðsstrandarhreppur,186458
2006,Grýtubakkahreppur,149718
2006,Skútustaðahreppur,182086
2006,Aðaldælahreppur,152872
2006,Tjörneshreppur,152301
2006,Þingeyjarsveit,252810
2006,Kelduneshreppur,125011
2006,Öxarfjarðarhreppur,282793
2006,Raufarhafnarhreppur,320694
2006,Svalbarðshreppur,158676
2006,Þórshafnarhreppur,112041
2006,Langanesbyggð,.
2006,Seyðisfjarðarkaupstaður,155649
2006,Fjarðabyggð,99200
2006,Skeggjastaðahreppur,341857
2006,Vopnafjarðarhreppur,145778
2006,Fljótsdalshreppur,-8321
2006,Borgarfjarðarhreppur,240890
2006,Mjóafjarðarhreppur,68003
2006,Fáskrúðsfjarðarhreppur,144895
2006,Breiðdalshreppur,217698
2006,Djúpavogshreppur,166455
2006,Austubyggð,145070
2006,Fljótsdalshérað,47680
2006,Sveitarfélagið Hornafjörður,178522
2006,Vestmannaeyjabær,92616
2006,Sveitarfélagið Árborg,57922
2006,Mýrdalshreppur,152293
2006,Skaftárhreppur,220739
2006,Ásahreppur,90181
2006,Rangárþing eystra,175943
2006,Rangárþing ytra,148065
2006,Gaulverjabæjarhreppur,139131
2006,Hraungerðishreppur,201127
2006,Villingaholtshreppur,160608
2006,Hrunamannahreppur,199564
2006,Hveragerðisbær,96942
2006,Sveitarfélagið Ölfus,96906
2006,Grímsnes- og Grafningshreppur,106264
2006,Skeiða- og Gnúpverjahreppur,221890
2006,Bláskógabyggð,108138
2006,Flóahreppur,.
2007,Reykjavíkurborg,9077
2007,Kópavogsbær,8900
2007,Seltjarnarneskaupstaður,17184
2007,Garðabær,9669
2007,Hafnarfjarðarkaupstaður,20388
2007,Sveitarfélagið Álftanes,72902
2007,Mosfellsbær,43519
2007,Kjósarhreppur,103269
2007,Reykjanesbær,60897
2007,Grindavíkurbær,100285
2007,Sandgerðisbær,91990
2007,Sveitarfélagið Garður,158529
2007,Sveitarfélagið Vogar,142906
2007,Akraneskaupstaður,51671
2007,Hvalfjarðarstrandarhreppur,.
2007,Skilmannahreppur,.
2007,Innri-Akraneshreppur,.
2007,Leirár- og Melahreppur,.
2007,Skorradalshreppur,29667
2007,Borgarfjarðarsveit,.
2007,Hvalfjarðarsveit,147647
2007,Hvítársíðuhreppur,.
2007,Borgarbyggð,155921
2007,Kolbeinsstaðahreppur,.
2007,Grundarfjarðarbær,151560
2007,Helgafellssveit,107976
2007,Stykkishólmsbær,168530
2007,Eyja- og Miklaholtshreppur,181562
2007,Snæfellsbær,198333
2007,Saurbæjarhreppur,.
2007,Dalabyggð,307270
2007,Bolungarvíkurkaupstaður,150370
2007,Ísafjarðarbær,142138
2007,Reykhólahreppur,353531
2007,Tálknafjarðarhreppur,280948
2007,Vesturbyggð,275734
2007,Súðavíkurhreppur,324437
2007,Árneshreppur,180503
2007,Kaldrananeshreppur,335155
2007,Bæjarhreppur,374384
2007,Broddaneshreppur,.
2007,Hólmavíkurhreppur,.
2007,Strandabyggð,312579
2007,Siglufjarðarkaupstaður,.
2007,Sveitarfélagið Skagafjörður,161439
2007,Húnaþing vestra,279436
2007,Áshreppur,.
2007,Blönduóssbær,182429
2007,Sveitarfélagið Skagaströnd,170126
2007,Skagabyggð,346725
2007,Húnavatnshreppur,289471
2007,Akrahreppur,248389
2007,Akureyrarkaupstaður,67638
2007,Húsavíkurbær (Norðurþing),195854
2007,Fjallabyggð,201882
2007,Ólafsfjarðarbær,.
2007,Dalvíkurbyggð,214777
2007,Grímseyjarhreppur,122988
2007,Arnarneshreppur,166283
2007,Eyjafjarðarsveit,227816
2007,Hörgárbyggð,206222
2007,Hörgársveit,.
2007,Svalbarðsstrandarhreppur,213141
2007,Grýtubakkahreppur,230130
2007,Skútustaðahreppur,240121
2007,Aðaldælahreppur,231683
2007,Tjörneshreppur,191244
2007,Þingeyjarsveit,279493
2007,Kelduneshreppur,.
2007,Öxarfjarðarhreppur,.
2007,Raufarhafnarhreppur,.
2007,Svalbarðshreppur,167516
2007,Þórshafnarhreppur,.
2007,Langanesbyggð,276198
2007,Seyðisfjarðarkaupstaður,148531
2007,Fjarðabyggð,52933
2007,Skeggjastaðahreppur,.
2007,Vopnafjarðarhreppur,192953
2007,Fljótsdalshreppur,18669
2007,Borgarfjarðarhreppur,277481
2007,Mjóafjarðarhreppur,.
2007,Fáskrúðsfjarðarhreppur,.
2007,Breiðdalshreppur,280073
2007,Djúpavogshreppur,216271
2007,Austubyggð,.
2007,Fljótsdalshérað,52279
2007,Sveitarfélagið Hornafjörður,241503
2007,Vestmannaeyjabær,118019
2007,Sveitarfélagið Árborg,62950
2007,Mýrdalshreppur,239110
2007,Skaftárhreppur,238336
2007,Ásahreppur,105424
2007,Rangárþing eystra,224338
2007,Rangárþing ytra,168759
2007,Gaulverjabæjarhreppur,.
2007,Hraungerðishreppur,.
2007,Villingaholtshreppur,.
2007,Hrunamannahreppur,208526
2007,Hveragerðisbær,113107
2007,Sveitarfélagið Ölfus,104142
2007,Grímsnes- og Grafningshreppur,118375
2007,Skeiða- og Gnúpverjahreppur,157462
2007,Bláskógabyggð,106736
2007,Flóahreppur,314326
2008,Reykjavíkurborg,11951
2008,Kópavogsbær,11326
2008,Seltjarnarneskaupstaður,15666
2008,Garðabær,14030
2008,Hafnarfjarðarkaupstaður,24190
2008,Sveitarfélagið Álftanes,74631
2008,Mosfellsbær,38462
2008,Kjósarhreppur,76514
2008,Reykjanesbær,66730
2008,Grindavíkurbær,104600
2008,Sandgerðisbær,85825
2008,Sveitarfélagið Garður,149035
2008,Sveitarfélagið Vogar,139741
2008,Akraneskaupstaður,52530
2008,Hvalfjarðarstrandarhreppur,.
2008,Skilmannahreppur,.
2008,Innri-Akraneshreppur,.
2008,Leirár- og Melahreppur,.
2008,Skorradalshreppur,72920
2008,Borgarfjarðarsveit,.
2008,Hvalfjarðarsveit,102076
2008,Hvítársíðuhreppur,.
2008,Borgarbyggð,166913
2008,Kolbeinsstaðahreppur,.
2008,Grundarfjarðarbær,161457
2008,Helgafellssveit,45359
2008,Stykkishólmsbær,159043
2008,Eyja- og Miklaholtshreppur,172422
2008,Snæfellsbær,184332
2008,Saurbæjarhreppur,.
2008,Dalabyggð,326806
2008,Bolungarvíkurkaupstaður,176159
2008,Ísafjarðarbær,161857
2008,Reykhólahreppur,292864
2008,Tálknafjarðarhreppur,257189
2008,Vesturbyggð,252176
2008,Súðavíkurhreppur,351583
2008,Árneshreppur,271674
2008,Kaldrananeshreppur,332761
2008,Bæjarhreppur,425402
2008,Broddaneshreppur,.
2008,Hólmavíkurhreppur,.
2008,Strandabyggð,295951
2008,Siglufjarðarkaupstaður,.
2008,Sveitarfélagið Skagafjörður,168513
2008,Húnaþing vestra,306466
2008,Áshreppur,.
2008,Blönduóssbær,169121
2008,Sveitarfélagið Skagaströnd,221903
2008,Skagabyggð,336902
2008,Húnavatnshreppur,378290
2008,Akrahreppur,230398
2008,Akureyrarkaupstaður,65298
2008,Húsavíkurbær (Norðurþing),200472
2008,Fjallabyggð,208887
2008,Ólafsfjarðarbær,.
2008,Dalvíkurbyggð,213551
2008,Grímseyjarhreppur,175394
2008,Arnarneshreppur,190767
2008,Eyjafjarðarsveit,238022
2008,Hörgárbyggð,212988
2008,Hörgársveit,.
2008,Svalbarðsstrandarhreppur,211135
2008,Grýtubakkahreppur,255580
2008,Skútustaðahreppur,233560
2008,Aðaldælahreppur,236865
2008,Tjörneshreppur,178855
2008,Þingeyjarsveit,273849
2008,Kelduneshreppur,.
2008,Öxarfjarðarhreppur,.
2008,Raufarhafnarhreppur,.
2008,Svalbarðshreppur,204809
2008,Þórshafnarhreppur,.
2008,Langanesbyggð,353069
2008,Seyðisfjarðarkaupstaður,163814
2008,Fjarðabyggð,41526
2008,Skeggjastaðahreppur,.
2008,Vopnafjarðarhreppur,214813
2008,Fljótsdalshreppur,6191
2008,Borgarfjarðarhreppur,321992
2008,Mjóafjarðarhreppur,.
2008,Fáskrúðsfjarðarhreppur,.
2008,Breiðdalshreppur,285164
2008,Djúpavogshreppur,197196
2008,Austubyggð,.
2008,Fljótsdalshérað,61547
2008,Sveitarfélagið Hornafjörður,236180
2008,Vestmannaeyjabær,130049
2008,Sveitarfélagið Árborg,58923
2008,Mýrdalshreppur,231021
2008,Skaftárhreppur,241255
2008,Ásahreppur,110146
2008,Rangárþing eystra,174930
2008,Rangárþing ytra,158220
2008,Gaulverjabæjarhreppur,.
2008,Hraungerðishreppur,.
2008,Villingaholtshreppur,.
2008,Hrunamannahreppur,201240
2008,Hveragerðisbær,101624
2008,Sveitarfélagið Ölfus,108574
2008,Grímsnes- og Grafningshreppur,133122
2008,Skeiða- og Gnúpverjahreppur,152000
2008,Bláskógabyggð,125100
2008,Flóahreppur,301335
2009,Reykjavíkurborg,13445
2009,Kópavogsbær,12896
2009,Seltjarnarneskaupstaður,14345
2009,Garðabær,6486
2009,Hafnarfjarðarkaupstaður,24342
2009,Sveitarfélagið Álftanes,70911
2009,Mosfellsbær,27729
2009,Kjósarhreppur,50133
2009,Reykjanesbær,73534
2009,Grindavíkurbær,84946
2009,Sandgerðisbær,74023
2009,Sveitarfélagið Garður,143004
2009,Sveitarfélagið Vogar,134183
2009,Akraneskaupstaður,50716
2009,Hvalfjarðarstrandarhreppur,.
2009,Skilmannahreppur,.
2009,Innri-Akraneshreppur,.
2009,Leirár- og Melahreppur,.
2009,Skorradalshreppur,119015
2009,Borgarfjarðarsveit,.
2009,Hvalfjarðarsveit,117195
2009,Hvítársíðuhreppur,.
2009,Borgarbyggð,144331
2009,Kolbeinsstaðahreppur,.
2009,Grundarfjarðarbær,134971
2009,Helgafellssveit,119461
2009,Stykkishólmsbær,132537
2009,Eyja- og Miklaholtshreppur,155131
2009,Snæfellsbær,161030
2009,Saurbæjarhreppur,.
2009,Dalabyggð,314381
2009,Bolungarvíkurkaupstaður,217955
2009,Ísafjarðarbær,139431
2009,Reykhólahreppur,241304
2009,Tálknafjarðarhreppur,229616
2009,Vesturbyggð,228055
2009,Súðavíkurhreppur,355794
2009,Árneshreppur,169744
2009,Kaldrananeshreppur,241380
2009,Bæjarhreppur,335704
2009,Broddaneshreppur,.
2009,Hólmavíkurhreppur,.
2009,Strandabyggð,252666
2009,Siglufjarðarkaupstaður,.
2009,Sveitarfélagið Skagafjörður,144487
2009,Húnaþing vestra,283102
2009,Áshreppur,.
2009,Blönduóssbær,150303
2009,Sveitarfélagið Skagaströnd,163251
2009,Skagabyggð,355768
2009,Húnavatnshreppur,303449
2009,Akrahreppur,280862
2009,Akureyrarkaupstaður,63340
2009,Húsavíkurbær (Norðurþing),162249
2009,Fjallabyggð,154395
2009,Ólafsfjarðarbær,.
2009,Dalvíkurbyggð,184903
2009,Grímseyjarhreppur,146539
2009,Arnarneshreppur,186020
2009,Eyjafjarðarsveit,229463
2009,Hörgárbyggð,238780
2009,Hörgársveit,.
2009,Svalbarðsstrandarhreppur,178864
2009,Grýtubakkahreppur,225251
2009,Skútustaðahreppur,211452
2009,Aðaldælahreppur,.
2009,Tjörneshreppur,137477
2009,Þingeyjarsveit,282142
2009,Kelduneshreppur,.
2009,Öxarfjarðarhreppur,.
2009,Raufarhafnarhreppur,.
2009,Svalbarðshreppur,195408
2009,Þórshafnarhreppur,.
2009,Langanesbyggð,273777
2009,Seyðisfjarðarkaupstaður,133296
2009,Fjarðabyggð,76931
2009,Skeggjastaðahreppur,.
2009,Vopnafjarðarhreppur,197946
2009,Fljótsdalshreppur,123548
2009,Borgarfjarðarhreppur,241444
2009,Mjóafjarðarhreppur,.
2009,Fáskrúðsfjarðarhreppur,.
2009,Breiðdalshreppur,273412
2009,Djúpavogshreppur,162766
2009,Austubyggð,.
2009,Fljótsdalshérað,145458
2009,Sveitarfélagið Hornafjörður,188283
2009,Vestmannaeyjabær,74391
2009,Sveitarfélagið Árborg,58290
2009,Mýrdalshreppur,209294
2009,Skaftárhreppur,199814
2009,Ásahreppur,130342
2009,Rangárþing eystra,183334
2009,Rangárþing ytra,134870
2009,Gaulverjabæjarhreppur,.
2009,Hraungerðishreppur,.
2009,Villingaholtshreppur,.
2009,Hrunamannahreppur,200384
2009,Hveragerðisbær,90262
2009,Sveitarfélagið Ölfus,91158
2009,Grímsnes- og Grafningshreppur,144986
2009,Skeiða- og Gnúpverjahreppur,151361
2009,Bláskógabyggð,126998
2009,Flóahreppur,297121
2010,Reykjavíkurborg,21376
2010,Kópavogsbær,20044
2010,Seltjarnarneskaupstaður,36254
2010,Garðabær,14088
2010,Hafnarfjarðarkaupstaður,29252
2010,Sveitarfélagið Álftanes,101634
2010,Mosfellsbær,41539
2010,Kjósarhreppur,37826
2010,Reykjanesbær,80517
2010,Grindavíkurbær,87551
2010,Sandgerðisbær,86071
2010,Sveitarfélagið Garður,149142
2010,Sveitarfélagið Vogar,158983
2010,Akraneskaupstaður,58211
2010,Hvalfjarðarstrandarhreppur,.
2010,Skilmannahreppur,.
2010,Innri-Akraneshreppur,.
2010,Leirár- og Melahreppur,.
2010,Skorradalshreppur,140042
2010,Borgarfjarðarsveit,.
2010,Hvalfjarðarsveit,180228
2010,Hvítársíðuhreppur,.
2010,Borgarbyggð,165833
2010,Kolbeinsstaðahreppur,.
2010,Grundarfjarðarbær,123771
2010,Helgafellssveit,139739
2010,Stykkishólmsbær,123786
2010,Eyja- og Miklaholtshreppur,142780
2010,Snæfellsbær,159268
2010,Saurbæjarhreppur,.
2010,Dalabyggð,303427
2010,Bolungarvíkurkaupstaður,111176
2010,Ísafjarðarbær,136277
2010,Reykhólahreppur,209197
2010,Tálknafjarðarhreppur,222647
2010,Vesturbyggð,209456
2010,Súðavíkurhreppur,383703
2010,Árneshreppur,132420
2010,Kaldrananeshreppur,229656
2010,Bæjarhreppur,417859
2010,Broddaneshreppur,.
2010,Hólmavíkurhreppur,.
2010,Strandabyggð,283597
2010,Siglufjarðarkaupstaður,.
2010,Sveitarfélagið Skagafjörður,138585
2010,Húnaþing vestra,301920
2010,Áshreppur,.
2010,Blönduóssbær,155144
2010,Sveitarfélagið Skagaströnd,130730
2010,Skagabyggð,359950
2010,Húnavatnshreppur,291118
2010,Akrahreppur,326154
2010,Akureyrarkaupstaður,66602
2010,Húsavíkurbær (Norðurþing),153095
2010,Fjallabyggð,161434
2010,Ólafsfjarðarbær,.
2010,Dalvíkurbyggð,168998
2010,Grímseyjarhreppur,.
2010,Arnarneshreppur,172765
2010,Eyjafjarðarsveit,243923
2010,Hörgárbyggð,249526
2010,Hörgársveit,.
2010,Svalbarðsstrandarhreppur,161110
2010,Grýtubakkahreppur,225851
2010,Skútustaðahreppur,206537
2010,Aðaldælahreppur,.
2010,Tjörneshreppur,82553
2010,Þingeyjarsveit,277479
2010,Kelduneshreppur,.
2010,Öxarfjarðarhreppur,.
2010,Raufarhafnarhreppur,.
2010,Svalbarðshreppur,260283
2010,Þórshafnarhreppur,.
2010,Langanesbyggð,272525
2010,Seyðisfjarðarkaupstaður,130268
2010,Fjarðabyggð,99205
2010,Skeggjastaðahreppur,.
2010,Vopnafjarðarhreppur,207075
2010,Fljótsdalshreppur,118574
2010,Borgarfjarðarhreppur,270862
2010,Mjóafjarðarhreppur,.
2010,Fáskrúðsfjarðarhreppur,.
2010,Breiðdalshreppur,262159
2010,Djúpavogshreppur,207531
2010,Austubyggð,.
2010,Fljótsdalshérað,161092
2010,Sveitarfélagið Hornafjörður,185842
2010,Vestmannaeyjabær,71952
2010,Sveitarfélagið Árborg,70944
2010,Mýrdalshreppur,210938
2010,Skaftárhreppur,198012
2010,Ásahreppur,123186
2010,Rangárþing eystra,194840
2010,Rangárþing ytra,151633
2010,Gaulverjabæjarhreppur,.
2010,Hraungerðishreppur,.
2010,Villingaholtshreppur,.
2010,Hrunamannahreppur,222814
2010,Hveragerðisbær,111882
2010,Sveitarfélagið Ölfus,91364
2010,Grímsnes- og Grafningshreppur,132303
2010,Skeiða- og Gnúpverjahreppur,135413
2010,Bláskógabyggð,116204
2010,Flóahreppur,441569
2011,Reykjavíkurborg,19219
2011,Kópavogsbær,19648
2011,Seltjarnarneskaupstaður,32113
2011,Garðabær,18594
2011,Hafnarfjarðarkaupstaður,34044
2011,Sveitarfélagið Álftanes,204958
2011,Mosfellsbær,53843
2011,Kjósarhreppur,38083
2011,Reykjanesbær,100623
2011,Grindavíkurbær,97482
2011,Sandgerðisbær,102445
2011,Sveitarfélagið Garður,167190
2011,Sveitarfélagið Vogar,177132
2011,Akraneskaupstaður,64789
2011,Hvalfjarðarstrandarhreppur,.
2011,Skilmannahreppur,.
2011,Innri-Akraneshreppur,.
2011,Leirár- og Melahreppur,.
2011,Skorradalshreppur,.
2011,Borgarfjarðarsveit,.
2011,Hvalfjarðarsveit,102723
2011,Hvítársíðuhreppur,.
2011,Borgarbyggð,176681
2011,Kolbeinsstaðahreppur,.
2011,Grundarfjarðarbær,132875
2011,Helgafellssveit,193109
2011,Stykkishólmsbær,123664
2011,Eyja- og Miklaholtshreppur,164174
2011,Snæfellsbær,146531
2011,Saurbæjarhreppur,.
2011,Dalabyggð,285898
2011,Bolungarvíkurkaupstaður,131799
2011,Ísafjarðarbær,131946
2011,Reykhólahreppur,290556
2011,Tálknafjarðarhreppur,243147
2011,Vesturbyggð,218050
2011,Súðavíkurhreppur,437132
2011,Árneshreppur,228709
2011,Kaldrananeshreppur,246831
2011,Bæjarhreppur,398220
2011,Broddaneshreppur,.
2011,Hólmavíkurhreppur,.
2011,Strandabyggð,297457
2011,Siglufjarðarkaupstaður,.
2011,Sveitarfélagið Skagafjörður,135363
2011,Húnaþing vestra,288698
2011,Áshreppur,.
2011,Blönduóssbær,168962
2011,Sveitarfélagið Skagaströnd,150009
2011,Skagabyggð,401194
2011,Húnavatnshreppur,229845
2011,Akrahreppur,340875
2011,Akureyrarkaupstaður,55977
2011,Húsavíkurbær (Norðurþing),148983
2011,Fjallabyggð,134332
2011,Ólafsfjarðarbær,.
2011,Dalvíkurbyggð,165887
2011,Grímseyjarhreppur,.
2011,Arnarneshreppur,.
2011,Eyjafjarðarsveit,240658
2011,Hörgárbyggð,.
2011,Hörgársveit,256907
2011,Svalbarðsstrandarhreppur,168289
2011,Grýtubakkahreppur,204095
2011,Skútustaðahreppur,178039
2011,Aðaldælahreppur,.
2011,Tjörneshreppur,58856
2011,Þingeyjarsveit,268816
2011,Kelduneshreppur,.
2011,Öxarfjarðarhreppur,.
2011,Raufarhafnarhreppur,.
2011,Svalbarðshreppur,280251
2011,Þórshafnarhreppur,.
2011,Langanesbyggð,254651
2011,Seyðisfjarðarkaupstaður,128261
2011,Fjarðabyggð,74897
2011,Skeggjastaðahreppur,.
2011,Vopnafjarðarhreppur,201176
2011,Fljótsdalshreppur,122030
2011,Borgarfjarðarhreppur,291865
2011,Mjóafjarðarhreppur,.
2011,Fáskrúðsfjarðarhreppur,.
2011,Breiðdalshreppur,231270
2011,Djúpavogshreppur,236407
2011,Austubyggð,.
2011,Fljótsdalshérað,195607
2011,Sveitarfélagið Hornafjörður,172516
2011,Vestmannaeyjabær,70425
2011,Sveitarfélagið Árborg,89672
2011,Mýrdalshreppur,222982
2011,Skaftárhreppur,206357
2011,Ásahreppur,108636
2011,Rangárþing eystra,195135
2011,Rangárþing ytra,150389
2011,Gaulverjabæjarhreppur,.
2011,Hraungerðishreppur,.
2011,Villingaholtshreppur,.
2011,Hrunamannahreppur,228957
2011,Hveragerðisbær,139555
2011,Sveitarfélagið Ölfus,97382
2011,Grímsnes- og Grafningshreppur,117452
2011,Skeiða- og Gnúpverjahreppur,120490
2011,Bláskógabyggð,132476
2011,Flóahreppur,310156
2012,Reykjavíkurborg,23714
2012,Kópavogsbær,15470
2012,Seltjarnarneskaupstaður,29298
2012,Garðabær,18035
2012,Hafnarfjarðarkaupstaður,29004
2012,Sveitarfélagið Álftanes,429083
2012,Mosfellsbær,51402
2012,Kjósarhreppur,51138
2012,Reykjanesbær,96616
2012,Grindavíkurbær,108282
2012,Sandgerðisbær,148453
2012,Sveitarfélagið Garður,199617
2012,Sveitarfélagið Vogar,211689
2012,Akraneskaupstaður,67150
2012,Hvalfjarðarstrandarhreppur,.
2012,Skilmannahreppur,.
2012,Innri-Akraneshreppur,.
2012,Leirár- og Melahreppur,.
2012,Skorradalshreppur,112401
2012,Borgarfjarðarsveit,.
2012,Hvalfjarðarsveit,69516
2012,Hvítársíðuhreppur,.
2012,Borgarbyggð,182060
2012,Kolbeinsstaðahreppur,.
2012,Grundarfjarðarbær,139828
2012,Helgafellssveit,167028
2012,Stykkishólmsbær,143985
2012,Eyja- og Miklaholtshreppur,172147
2012,Snæfellsbær,156229
2012,Saurbæjarhreppur,.
2012,Dalabyggð,303227
2012,Bolungarvíkurkaupstaður,163297
2012,Ísafjarðarbær,148090
2012,Reykhólahreppur,318857
2012,Tálknafjarðarhreppur,248997
2012,Vesturbyggð,223382
2012,Súðavíkurhreppur,418440
2012,Árneshreppur,238760
2012,Kaldrananeshreppur,291568
2012,Bæjarhreppur,.
2012,Broddaneshreppur,.
2012,Hólmavíkurhreppur,.
2012,Strandabyggð,306434
2012,Siglufjarðarkaupstaður,.
2012,Sveitarfélagið Skagafjörður,143717
2012,Húnaþing vestra,320067
2012,Áshreppur,.
2012,Blönduóssbær,174543
2012,Sveitarfélagið Skagaströnd,153491
2012,Skagabyggð,346536
2012,Húnavatnshreppur,232083
2012,Akrahreppur,344393
2012,Akureyrarkaupstaður,58634
2012,Húsavíkurbær (Norðurþing),168216
2012,Fjallabyggð,144829
2012,Ólafsfjarðarbær,.
2012,Dalvíkurbyggð,174640
2012,Grímseyjarhreppur,.
2012,Arnarneshreppur,.
2012,Eyjafjarðarsveit,238888
2012,Hörgárbyggð,.
2012,Hörgársveit,249844
2012,Svalbarðsstrandarhreppur,179522
2012,Grýtubakkahreppur,220197
2012,Skútustaðahreppur,189495
2012,Aðaldælahreppur,.
2012,Tjörneshreppur,60228
2012,Þingeyjarsveit,265547
2012,Kelduneshreppur,.
2012,Öxarfjarðarhreppur,.
2012,Raufarhafnarhreppur,.
2012,Svalbarðshreppur,250370
2012,Þórshafnarhreppur,.
2012,Langanesbyggð,274469
2012,Seyðisfjarðarkaupstaður,138280
2012,Fjarðabyggð,60939
2012,Skeggjastaðahreppur,.
2012,Vopnafjarðarhreppur,183558
2012,Fljótsdalshreppur,175983
2012,Borgarfjarðarhreppur,335449
2012,Mjóafjarðarhreppur,.
2012,Fáskrúðsfjarðarhreppur,.
2012,Breiðdalshreppur,219716
2012,Djúpavogshreppur,222854
2012,Austubyggð,.
2012,Fljótsdalshérað,175040
2012,Sveitarfélagið Hornafjörður,169914
2012,Vestmannaeyjabær,63662
2012,Sveitarfélagið Árborg,93237
2012,Mýrdalshreppur,220645
2012,Skaftárhreppur,212133
2012,Ásahreppur,50534
2012,Rangárþing eystra,188351
2012,Rangárþing ytra,165376
2012,Gaulverjabæjarhreppur,.
2012,Hraungerðishreppur,.
2012,Villingaholtshreppur,.
2012,Hrunamannahreppur,212395
2012,Hveragerðisbær,143144
2012,Sveitarfélagið Ölfus,107283
2012,Grímsnes- og Grafningshreppur,113961
2012,Skeiða- og Gnúpverjahreppur,96643
2012,Bláskógabyggð,125985
2012,Flóahreppur,274249
2013,Reykjavíkurborg,27059
2013,Kópavogsbær,18580
2013,Seltjarnarneskaupstaður,36366
2013,Garðabær,56204
2013,Hafnarfjarðarkaupstaður,32307
2013,Sveitarfélagið Álftanes,0
2013,Mosfellsbær,55716
2013,Kjósarhreppur,41770
2013,Reykjanesbær,110859
2013,Grindavíkurbær,128183
2013,Sandgerðisbær,109104
2013,Sveitarfélagið Garður,212928
2013,Sveitarfélagið Vogar,255328
2013,Akraneskaupstaður,84932
2013,Hvalfjarðarstrandarhreppur,.
2013,Skilmannahreppur,.
2013,Innri-Akraneshreppur,.
2013,Leirár- og Melahreppur,.
2013,Skorradalshreppur,15335
2013,Borgarfjarðarsveit,.
2013,Hvalfjarðarsveit,7171
2013,Hvítársíðuhreppur,.
2013,Borgarbyggð,197064
2013,Kolbeinsstaðahreppur,.
2013,Grundarfjarðarbær,150865
2013,Helgafellssveit,168356
2013,Stykkishólmsbær,140922
2013,Eyja- og Miklaholtshreppur,209083
2013,Snæfellsbær,190470
2013,Saurbæjarhreppur,.
2013,Dalabyggð,337092
2013,Bolungarvíkurkaupstaður,168850
2013,Ísafjarðarbær,166279
2013,Reykhólahreppur,375169
2013,Tálknafjarðarhreppur,275249
2013,Vesturbyggð,235410
2013,Súðavíkurhreppur,510584
2013,Árneshreppur,264139
2013,Kaldrananeshreppur,301173
2013,Bæjarhreppur,.
2013,Broddaneshreppur,.
2013,Hólmavíkurhreppur,.
2013,Strandabyggð,359917
2013,Siglufjarðarkaupstaður,.
2013,Sveitarfélagið Skagafjörður,167632
2013,Húnaþing vestra,352770
2013,Áshreppur,.
2013,Blönduóssbær,210868
2013,Sveitarfélagið Skagaströnd,173010
2013,Skagabyggð,356513
2013,Húnavatnshreppur,256978
2013,Akrahreppur,319671
2013,Akureyrarkaupstaður,67889
2013,Húsavíkurbær (Norðurþing),166016
2013,Fjallabyggð,160533
2013,Ólafsfjarðarbær,.
2013,Dalvíkurbyggð,195983
2013,Grímseyjarhreppur,.
2013,Arnarneshreppur,.
2013,Eyjafjarðarsveit,257623
2013,Hörgárbyggð,.
2013,Hörgársveit,259742
2013,Svalbarðsstrandarhreppur,163947
2013,Grýtubakkahreppur,254922
2013,Skútustaðahreppur,181800
2013,Aðaldælahreppur,.
2013,Tjörneshreppur,67917
2013,Þingeyjarsveit,293525
2013,Kelduneshreppur,.
2013,Öxarfjarðarhreppur,.
2013,Raufarhafnarhreppur,.
2013,Svalbarðshreppur,204377
2013,Þórshafnarhreppur,.
2013,Langanesbyggð,318020
2013,Seyðisfjarðarkaupstaður,146746
2013,Fjarðabyggð,72827
2013,Skeggjastaðahreppur,.
2013,Vopnafjarðarhreppur,216654
2013,Fljótsdalshreppur,39259
2013,Borgarfjarðarhreppur,389271
2013,Mjóafjarðarhreppur,.
2013,Fáskrúðsfjarðarhreppur,.
2013,Breiðdalshreppur,247886
2013,Djúpavogshreppur,278186
2013,Austubyggð,.
2013,Fljótsdalshérað,180220
2013,Sveitarfélagið Hornafjörður,195673
2013,Vestmannaeyjabær,60212
2013,Sveitarfélagið Árborg,112151
2013,Mýrdalshreppur,230008
2013,Skaftárhreppur,240423
2013,Ásahreppur,7652
2013,Rangárþing eystra,196725
2013,Rangárþing ytra,178059
2013,Gaulverjabæjarhreppur,.
2013,Hraungerðishreppur,.
2013,Villingaholtshreppur,.
2013,Hrunamannahreppur,209280
2013,Hveragerðisbær,150369
2013,Sveitarfélagið Ölfus,131655
2013,Grímsnes- og Grafningshreppur,22173
2013,Skeiða- og Gnúpverjahreppur,86569
2013,Bláskógabyggð,135855
2013,Flóahreppur,284362
2014,Reykjavíkurborg,27973
2014,Kópavogsbær,22939
2014,Seltjarnarneskaupstaður,36841
2014,Garðabær,39961
2014,Hafnarfjarðarkaupstaður,36632
2014,Sveitarfélagið Álftanes,.
2014,Mosfellsbær,63127
2014,Kjósarhreppur,54492
2014,Reykjanesbær,129738
2014,Grindavíkurbær,138213
2014,Sandgerðisbær,118864
2014,Sveitarfélagið Garður,228796
2014,Sveitarfélagið Vogar,264519
2014,Akraneskaupstaður,102939
2014,Hvalfjarðarstrandarhreppur,.
2014,Skilmannahreppur,.
2014,Innri-Akraneshreppur,.
2014,Leirár- og Melahreppur,.
2014,Skorradalshreppur,4810
2014,Borgarfjarðarsveit,.
2014,Hvalfjarðarsveit,5829
2014,Hvítársíðuhreppur,.
2014,Borgarbyggð,207387
2014,Kolbeinsstaðahreppur,.
2014,Grundarfjarðarbær,155329
2014,Helgafellssveit,194316
2014,Stykkishólmsbær,153891
2014,Eyja- og Miklaholtshreppur,226690
2014,Snæfellsbær,214457
2014,Saurbæjarhreppur,.
2014,Dalabyggð,363151
2014,Bolungarvíkurkaupstaður,204078
2014,Ísafjarðarbær,186981
2014,Reykhólahreppur,484409
2014,Tálknafjarðarhreppur,309684
2014,Vesturbyggð,284426
2014,Súðavíkurhreppur,521200
2014,Árneshreppur,275569
2014,Kaldrananeshreppur,343792
2014,Bæjarhreppur,.
2014,Broddaneshreppur,.
2014,Hólmavíkurhreppur,.
2014,Strandabyggð,348165
2014,Siglufjarðarkaupstaður,.
2014,Sveitarfélagið Skagafjörður,175774
2014,Húnaþing vestra,394916
2014,Áshreppur,.
2014,Blönduóssbær,236078
2014,Sveitarfélagið Skagaströnd,177200
2014,Skagabyggð,411611
2014,Húnavatnshreppur,270520
2014,Akrahreppur,378373
2014,Akureyrarkaupstaður,76218
2014,Húsavíkurbær (Norðurþing),193680
2014,Fjallabyggð,164976
2014,Ólafsfjarðarbær,.
2014,Dalvíkurbyggð,205133
2014,Grímseyjarhreppur,.
2014,Arnarneshreppur,.
2014,Eyjafjarðarsveit,269017
2014,Hörgárbyggð,.
2014,Hörgársveit,273098
2014,Svalbarðsstrandarhreppur,163464
2014,Grýtubakkahreppur,218447
2014,Skútustaðahreppur,140544
2014,Aðaldælahreppur,.
2014,Tjörneshreppur,83729
2014,Þingeyjarsveit,323556
2014,Kelduneshreppur,.
2014,Öxarfjarðarhreppur,.
2014,Raufarhafnarhreppur,.
2014,Svalbarðshreppur,197190
2014,Þórshafnarhreppur,.
2014,Langanesbyggð,319526
2014,Seyðisfjarðarkaupstaður,149589
2014,Fjarðabyggð,79959
2014,Skeggjastaðahreppur,.
2014,Vopnafjarðarhreppur,243610
2014,Fljótsdalshreppur,9038
2014,Borgarfjarðarhreppur,431560
2014,Mjóafjarðarhreppur,.
2014,Fáskrúðsfjarðarhreppur,.
2014,Breiðdalshreppur,230514
2014,Djúpavogshreppur,335135
2014,Austubyggð,.
2014,Fljótsdalshérað,195738
2014,Sveitarfélagið Hornafjörður,212486
2014,Vestmannaeyjabær,71710
2014,Sveitarfélagið Árborg,114921
2014,Mýrdalshreppur,240755
2014,Skaftárhreppur,230023
2014,Ásahreppur,8902
2014,Rangárþing eystra,209403
2014,Rangárþing ytra,185894
2014,Gaulverjabæjarhreppur,.
2014,Hraungerðishreppur,.
2014,Villingaholtshreppur,.
2014,Hrunamannahreppur,193728
2014,Hveragerðisbær,177526
2014,Sveitarfélagið Ölfus,137511
2014,Grímsnes- og Grafningshreppur,20794
2014,Skeiða- og Gnúpverjahreppur,87850
2014,Bláskógabyggð,136166
2014,Flóahreppur,297211
